tag,category,group,axis,stage
Pipeline architecture,Sales Leadership,Pipeline & Forecast,Win deals,Qualify
Pipeline inspection,Sales Leadership,Pipeline & Forecast,Win deals,Qualify
Pipeline coverage ratio,Sales Leadership,Pipeline & Forecast,Win deals,Qualify
Deal velocity improvement,Sales Leadership,Pipeline & Forecast,Win deals,Qualify
Sales cycle compression,Sales Leadership,Pipeline & Forecast,Win deals,Qualify
Forecast methodology,Sales Leadership,Pipeline & Forecast,Win deals,Qualify
Forecast cadence,Sales Leadership,Pipeline & Forecast,Win deals,Qualify
Forecast accuracy,Sales Leadership,Pipeline & Forecast,Win deals,Qualify
Revenue forecasting,Sales Leadership,Pipeline & Forecast,Win deals,Qualify
Deal inspection framework,Sales Leadership,Pipeline & Forecast,Win deals,Qualify
Deal slippage,Sales Leadership,Pipeline & Forecast,Win deals,Qualify
Pipeline hygiene ownership,Sales Leadership,Pipeline & Forecast,Win deals,Qualify
Weighted pipeline model,Sales Leadership,Pipeline & Forecast,Win deals,Qualify
Rolling forecast,Sales Leadership,Pipeline & Forecast,Win deals,Qualify
Commit/best case framework,Sales Leadership,Pipeline & Forecast,Win deals,Qualify
Sales process design,Sales Leadership,Sales Motion Design,Win deals,Qualify
Sales playbook build,Sales Leadership,Sales Motion Design,Win deals,Qualify
Outbound motion,Sales Leadership,Sales Motion Design,Win deals,Qualify
Inbound sales motion,Sales Leadership,Sales Motion Design,Win deals,Qualify
Enterprise motion,Sales Leadership,Sales Motion Design,Win deals,Qualify
Mid-market motion,Sales Leadership,Sales Motion Design,Win deals,Qualify
SMB motion,Sales Leadership,Sales Motion Design,Win deals,Qualify
Inside sales build,Sales Leadership,Sales Motion Design,Win deals,Qualify
Field sales model,Sales Leadership,Sales Motion Design,Win deals,Qualify
Land & expand motion,Sales Leadership,Sales Motion Design,Win deals,Qualify
Multi-product selling,Sales Leadership,Sales Motion Design,Win deals,Qualify
Product-led sales overlay,Sales Leadership,Sales Motion Design,Win deals,Qualify
Partner-assisted selling,Sales Leadership,Sales Motion Design,Win deals,Qualify
Hybrid motion design,Sales Leadership,Sales Motion Design,Win deals,Qualify
Vertical GTM motion,Sales Leadership,Sales Motion Design,Win deals,Qualify
Value-based selling motion,Sales Leadership,Sales Motion Design,Win deals,Qualify
Sales org design,Sales Leadership,Team Building & Org,Build the team,foundation
Sales hiring,Sales Leadership,Team Building & Org,Build the team,foundation
Sales hiring scorecard,Sales Leadership,Team Building & Org,Build the team,foundation
Interview process design,Sales Leadership,Team Building & Org,Build the team,foundation
Rep onboarding program,Sales Leadership,Team Building & Org,Build the team,foundation
Ramp acceleration,Sales Leadership,Team Building & Org,Build the team,foundation
Rep productivity improvement,Sales Leadership,Team Building & Org,Build the team,foundation
Performance management,Sales Leadership,Team Building & Org,Build the team,foundation
PIP process,Sales Leadership,Team Building & Org,Build the team,foundation
Sales team restructure,Sales Leadership,Team Building & Org,Build the team,foundation
Pod model design,Sales Leadership,Team Building & Org,Build the team,foundation
Role specialization design,Sales Leadership,Team Building & Org,Build the team,foundation
Sales headcount planning,Sales Leadership,Team Building & Org,Build the team,foundation
Remote sales build,Sales Leadership,Team Building & Org,Build the team,foundation
Manager hiring,Sales Leadership,Team Building & Org,Build the team,foundation
First sales hire,Sales Leadership,Team Building & Org,Build the team,foundation
Manager coaching,Sales Leadership,Coaching & Development,Build the team,foundation
Rep development,Sales Leadership,Coaching & Development,Build the team,foundation
Frontline coaching cadence,Sales Leadership,Coaching & Development,Build the team,foundation
Ride-along program,Sales Leadership,Coaching & Development,Build the team,foundation
Shadow program,Sales Leadership,Coaching & Development,Build the team,foundation
Sales career ladder,Sales Leadership,Coaching & Development,Build the team,foundation
Skills assessment,Sales Leadership,Coaching & Development,Build the team,foundation
Competency framework,Sales Leadership,Coaching & Development,Build the team,foundation
Peer coaching structure,Sales Leadership,Coaching & Development,Build the team,foundation
Comp plan design,Sales Leadership,Comp & Quota,Build the team,foundation
Comp plan audit,Sales Leadership,Comp & Quota,Build the team,foundation
Quota setting,Sales Leadership,Comp & Quota,Build the team,foundation
Quota rationalization,Sales Leadership,Comp & Quota,Build the team,foundation
Quota methodology,Sales Leadership,Comp & Quota,Build the team,foundation
Accelerator design,Sales Leadership,Comp & Quota,Build the team,foundation
SPIFs & incentives,Sales Leadership,Comp & Quota,Build the team,foundation
Clawback policy,Sales Leadership,Comp & Quota,Build the team,foundation
Draw structure,Sales Leadership,Comp & Quota,Build the team,foundation
Territory-based comp,Sales Leadership,Comp & Quota,Build the team,foundation
Commission dispute process,Sales Leadership,Comp & Quota,Build the team,foundation
Discovery framework,Sales Leadership,Deal Execution,Win deals,Commit
Demo framework,Sales Leadership,Deal Execution,Win deals,Commit
Proposal process,Sales Leadership,Deal Execution,Win deals,Commit
Proof of concept process,Sales Leadership,Deal Execution,Win deals,Commit
Negotiation framework,Sales Leadership,Deal Execution,Win deals,Commit
Mutual action plan,Sales Leadership,Deal Execution,Win deals,Commit
Buying committee navigation,Sales Leadership,Deal Execution,Win deals,Commit
Economic buyer access,Sales Leadership,Deal Execution,Win deals,Commit
Procurement navigation,Sales Leadership,Deal Execution,Win deals,Commit
Deal desk setup,Sales Leadership,Deal Execution,Win deals,Commit
Deal structuring,Sales Leadership,Deal Execution,Win deals,Commit
Contract negotiation,Sales Leadership,Deal Execution,Win deals,Commit
Multi-threading strategy,Sales Leadership,Deal Execution,Win deals,Commit
Champion development,Sales Leadership,Deal Execution,Win deals,Commit
Executive alignment,Sales Leadership,Deal Execution,Win deals,Commit
Pricing strategy,Sales Leadership,Commercial & Pricing,Win deals,Commit
Price increase rollout,Sales Leadership,Commercial & Pricing,Win deals,Commit
Packaging design,Sales Leadership,Commercial & Pricing,Win deals,Commit
Discount governance,Sales Leadership,Commercial & Pricing,Win deals,Commit
Deal approval workflow,Sales Leadership,Commercial & Pricing,Win deals,Commit
Competitive pricing response,Sales Leadership,Commercial & Pricing,Win deals,Commit
Value-based pricing,Sales Leadership,Commercial & Pricing,Win deals,Commit
Usage-based pricing motion,Sales Leadership,Commercial & Pricing,Win deals,Commit
Competitive positioning,Sales Leadership,Competitive & Win Rate,Win deals,Qualify
Competitive displacement playbook,Sales Leadership,Competitive & Win Rate,Win deals,Qualify
Win rate improvement,Sales Leadership,Competitive & Win Rate,Win deals,Qualify
Loss analysis,Sales Leadership,Competitive & Win Rate,Win deals,Qualify
Win/loss program,Sales Leadership,Competitive & Win Rate,Win deals,Qualify
Market differentiation,Sales Leadership,Competitive & Win Rate,Win deals,Qualify
Revenue architecture,Sales Leadership,GTM Strategy,Lead & plan,foundation
Revenue roadmap,Sales Leadership,GTM Strategy,Lead & plan,foundation
Go-to-market audit,Sales Leadership,GTM Strategy,Lead & plan,foundation
Annual GTM planning,Sales Leadership,GTM Strategy,Lead & plan,foundation
Founder-led sales transition,Sales Leadership,GTM Strategy,Lead & plan,foundation
Zero-to-one sales build,Sales Leadership,GTM Strategy,Lead & plan,foundation
Sales function build,Sales Leadership,GTM Strategy,Lead & plan,foundation
Sales turnaround,Sales Leadership,GTM Strategy,Lead & plan,foundation
Sales-marketing alignment,Sales Leadership,GTM Strategy,Lead & plan,foundation
Sales-finance alignment,Sales Leadership,GTM Strategy,Lead & plan,foundation
P&L ownership,Sales Leadership,GTM Strategy,Lead & plan,foundation
ICP refinement,Sales Leadership,GTM Strategy,Lead & plan,foundation
Segment prioritization,Sales Leadership,GTM Strategy,Lead & plan,foundation
New vertical entry,Sales Leadership,GTM Strategy,Lead & plan,foundation
Geographic expansion,Sales Leadership,GTM Strategy,Lead & plan,foundation
New channel launch,Sales Leadership,GTM Strategy,Lead & plan,foundation
Product line expansion,Sales Leadership,GTM Strategy,Lead & plan,foundation
Board reporting,Sales Leadership,GTM Strategy,Lead & plan,foundation
Investor reporting,Sales Leadership,GTM Strategy,Lead & plan,foundation
GTM pivot,Sales Leadership,GTM Strategy,Lead & plan,foundation
Revenue recovery plan,Sales Leadership,GTM Strategy,Lead & plan,foundation
AI sales strategy,Sales Leadership,Tech & Tools,Systems & data,foundation
Sales AI adoption,Sales Leadership,Tech & Tools,Systems & data,foundation
Revenue intelligence setup,Sales Leadership,Tech & Tools,Systems & data,foundation
CRM adoption,Sales Leadership,Tech & Tools,Systems & data,foundation
Sales tech stack selection,Sales Leadership,Tech & Tools,Systems & data,foundation
Sales engagement platform,Sales Leadership,Tech & Tools,Systems & data,foundation
Conversation intelligence rollout,Sales Leadership,Tech & Tools,Systems & data,foundation
Sales tool consolidation,Sales Leadership,Tech & Tools,Systems & data,foundation
CPQ implementation,Sales Leadership,Tech & Tools,Systems & data,foundation
Sales tool governance,Sales Leadership,Tech & Tools,Systems & data,foundation
Interim CRO,Sales Leadership,Interim & Transition,Lead & plan,foundation
Interim VP Sales,Sales Leadership,Interim & Transition,Lead & plan,foundation
First 90-day plan,Sales Leadership,Interim & Transition,Lead & plan,foundation
Post-acquisition integration,Sales Leadership,Interim & Transition,Lead & plan,foundation
Sales team merger,Sales Leadership,Interim & Transition,Lead & plan,foundation
Leadership gap fill,Sales Leadership,Interim & Transition,Lead & plan,foundation
Sales org assessment,Sales Leadership,Interim & Transition,Lead & plan,foundation
Brand positioning,Marketing,Positioning & Messaging,Lead & plan,Awareness
Messaging architecture,Marketing,Positioning & Messaging,Lead & plan,Awareness
Category narrative,Marketing,Positioning & Messaging,Lead & plan,Awareness
Value prop framework,Marketing,Positioning & Messaging,Lead & plan,Awareness
ICP definition,Marketing,Positioning & Messaging,Lead & plan,Awareness
Buyer persona,Marketing,Positioning & Messaging,Lead & plan,Awareness
Category creation,Marketing,Positioning & Messaging,Lead & plan,Awareness
Competitive messaging,Marketing,Positioning & Messaging,Lead & plan,Awareness
Win/loss research,Marketing,Positioning & Messaging,Lead & plan,Awareness
Messaging audit,Marketing,Positioning & Messaging,Lead & plan,Awareness
Positioning workshop,Marketing,Positioning & Messaging,Lead & plan,Awareness
GTM narrative,Marketing,Positioning & Messaging,Lead & plan,Awareness
Market differentiation,Marketing,Positioning & Messaging,Lead & plan,Awareness
Technical buyer messaging,Marketing,Positioning & Messaging,Lead & plan,Awareness
Economic buyer messaging,Marketing,Positioning & Messaging,Lead & plan,Awareness
Champion messaging,Marketing,Positioning & Messaging,Lead & plan,Awareness
Demand gen program,Marketing,Demand Generation,Generate demand,Engage
Lead gen strategy,Marketing,Demand Generation,Generate demand,Engage
Pipeline marketing,Marketing,Demand Generation,Generate demand,Engage
Revenue marketing,Marketing,Demand Generation,Generate demand,Engage
MQL quality improvement,Marketing,Demand Generation,Generate demand,Engage
MQL-to-SQL conversion,Marketing,Demand Generation,Generate demand,Engage
Lead scoring model,Marketing,Demand Generation,Generate demand,Engage
Lead scoring audit,Marketing,Demand Generation,Generate demand,Engage
Demand gen audit,Marketing,Demand Generation,Generate demand,Engage
Inbound engine build,Marketing,Demand Generation,Generate demand,Engage
Outbound-assisted demand gen,Marketing,Demand Generation,Generate demand,Engage
CAC reduction,Marketing,Demand Generation,Generate demand,Engage
Demand gen function build,Marketing,Demand Generation,Generate demand,Engage
6sense setup,Marketing,Demand Generation,Generate demand,Engage
6sense admin,Marketing,Demand Generation,Generate demand,Engage
Demandbase setup,Marketing,Demand Generation,Generate demand,Engage
Bombora setup,Marketing,Demand Generation,Generate demand,Engage
Qualified setup,Marketing,Demand Generation,Generate demand,Engage
Drift setup,Marketing,Demand Generation,Generate demand,Engage
Intercom setup,Marketing,Demand Generation,Generate demand,Engage
ABM strategy,Marketing,Account-Based Marketing,Generate demand,Engage
ABM program build,Marketing,Account-Based Marketing,Generate demand,Engage
Account selection framework,Marketing,Account-Based Marketing,Generate demand,Engage
Tiered ABM model,Marketing,Account-Based Marketing,Generate demand,Engage
1:1 ABM,Marketing,Account-Based Marketing,Generate demand,Engage
1:few ABM,Marketing,Account-Based Marketing,Generate demand,Engage
Programmatic ABM,Marketing,Account-Based Marketing,Generate demand,Engage
Intent-driven ABM,Marketing,Account-Based Marketing,Generate demand,Engage
Multi-thread ABM,Marketing,Account-Based Marketing,Generate demand,Engage
ABM measurement,Marketing,Account-Based Marketing,Generate demand,Engage
Account penetration strategy,Marketing,Account-Based Marketing,Generate demand,Engage
Terminus setup,Marketing,Account-Based Marketing,Generate demand,Engage
Paid search strategy,Marketing,Paid Channels,Generate demand,Awareness
Google Ads implementation,Marketing,Paid Channels,Generate demand,Awareness
LinkedIn Campaign Manager,Marketing,Paid Channels,Generate demand,Awareness
Meta Ads implementation,Marketing,Paid Channels,Generate demand,Awareness
Facebook/Meta Ads,Marketing,Paid Channels,Generate demand,Awareness
Retargeting program,Marketing,Paid Channels,Generate demand,Awareness
Programmatic media,Marketing,Paid Channels,Generate demand,Awareness
Paid channel audit,Marketing,Paid Channels,Generate demand,Awareness
Media mix optimization,Marketing,Paid Channels,Generate demand,Awareness
Paid CAC reduction,Marketing,Paid Channels,Generate demand,Awareness
AdRoll setup,Marketing,Paid Channels,Generate demand,Awareness
SEO strategy,Marketing,Organic & Content,Generate demand,Awareness
Organic growth,Marketing,Organic & Content,Generate demand,Awareness
Keyword strategy,Marketing,Organic & Content,Generate demand,Awareness
Content engine build,Marketing,Organic & Content,Generate demand,Awareness
Content calendar,Marketing,Organic & Content,Generate demand,Awareness
Blog program,Marketing,Organic & Content,Generate demand,Awareness
Long-form content,Marketing,Organic & Content,Generate demand,Awareness
Pillar content,Marketing,Organic & Content,Generate demand,Awareness
Thought leadership,Marketing,Organic & Content,Generate demand,Awareness
Ghostwriting program,Marketing,Organic & Content,Generate demand,Awareness
Video content,Marketing,Organic & Content,Generate demand,Awareness
Podcast strategy,Marketing,Organic & Content,Generate demand,Awareness
Social media strategy,Marketing,Organic & Content,Generate demand,Awareness
LinkedIn organic,Marketing,Organic & Content,Generate demand,Awareness
Newsletter program,Marketing,Organic & Content,Generate demand,Awareness
Community content,Marketing,Organic & Content,Generate demand,Awareness
Executive thought leadership,Marketing,Organic & Content,Generate demand,Awareness
Founder brand,Marketing,Organic & Content,Generate demand,Awareness
Sprout Social setup,Marketing,Organic & Content,Generate demand,Awareness
Hootsuite setup,Marketing,Organic & Content,Generate demand,Awareness
Product launch,Marketing,Product Marketing,Lead & plan,Awareness
GTM launch,Marketing,Product Marketing,Lead & plan,Awareness
Launch readiness,Marketing,Product Marketing,Lead & plan,Awareness
Feature launch,Marketing,Product Marketing,Lead & plan,Awareness
Competitive intelligence,Marketing,Product Marketing,Lead & plan,Awareness
Win/loss program,Marketing,Product Marketing,Lead & plan,Awareness
Analyst relations,Marketing,Product Marketing,Lead & plan,Awareness
Market research,Marketing,Product Marketing,Lead & plan,Awareness
Pricing narrative,Marketing,Product Marketing,Lead & plan,Awareness
Product positioning,Marketing,Product Marketing,Lead & plan,Awareness
Solution messaging,Marketing,Product Marketing,Lead & plan,Awareness
Use case development,Marketing,Product Marketing,Lead & plan,Awareness
Persona-based messaging,Marketing,Product Marketing,Lead & plan,Awareness
Brand identity,Marketing,Brand,Lead & plan,Awareness
Brand voice,Marketing,Brand,Lead & plan,Awareness
Brand guidelines,Marketing,Brand,Lead & plan,Awareness
Visual identity,Marketing,Brand,Lead & plan,Awareness
Rebranding,Marketing,Brand,Lead & plan,Awareness
Brand audit,Marketing,Brand,Lead & plan,Awareness
Employer brand,Marketing,Brand,Lead & plan,Awareness
Brand architecture,Marketing,Brand,Lead & plan,Awareness
Series A/B brand build,Marketing,Brand,Lead & plan,Awareness
Website conversion,Marketing,Web & Conversion,Win deals,Engage
Landing page optimization,Marketing,Web & Conversion,Win deals,Engage
Conversion rate optimization,Marketing,Web & Conversion,Win deals,Engage
A/B testing program,Marketing,Web & Conversion,Win deals,Engage
Website messaging audit,Marketing,Web & Conversion,Win deals,Engage
Buyer journey mapping,Marketing,Web & Conversion,Win deals,Engage
Self-serve conversion,Marketing,Web & Conversion,Win deals,Engage
Demo request optimization,Marketing,Web & Conversion,Win deals,Engage
Trial conversion,Marketing,Web & Conversion,Win deals,Engage
Website rebuild,Marketing,Web & Conversion,Win deals,Engage
Mutiny setup,Marketing,Web & Conversion,Win deals,Engage
Event strategy,Marketing,Events & Field,Generate demand,Awareness
Field marketing,Marketing,Events & Field,Generate demand,Awareness
Executive event program,Marketing,Events & Field,Generate demand,Awareness
Hosted event program,Marketing,Events & Field,Generate demand,Awareness
Conference strategy,Marketing,Events & Field,Generate demand,Awareness
Roadshow design,Marketing,Events & Field,Generate demand,Awareness
User conference,Marketing,Events & Field,Generate demand,Awareness
Webinar program,Marketing,Events & Field,Generate demand,Awareness
Virtual event program,Marketing,Events & Field,Generate demand,Awareness
Partner co-marketing,Marketing,Events & Field,Generate demand,Awareness
Marketing automation,Marketing,Marketing Operations,Systems & data,foundation
HubSpot Marketing Hub admin,Marketing,Marketing Operations,Systems & data,foundation
Marketo admin,Marketing,Marketing Operations,Systems & data,foundation
Marketo implementation,Marketing,Marketing Operations,Systems & data,foundation
Pardot admin,Marketing,Marketing Operations,Systems & data,foundation
Pardot implementation,Marketing,Marketing Operations,Systems & data,foundation
Eloqua implementation,Marketing,Marketing Operations,Systems & data,foundation
ActiveCampaign setup,Marketing,Marketing Operations,Systems & data,foundation
Customer.io setup,Marketing,Marketing Operations,Systems & data,foundation
Iterable setup,Marketing,Marketing Operations,Systems & data,foundation
Klaviyo setup,Marketing,Marketing Operations,Systems & data,foundation
Attribution model,Marketing,Marketing Operations,Systems & data,foundation
Multi-touch attribution,Marketing,Marketing Operations,Systems & data,foundation
Marketing ops audit,Marketing,Marketing Operations,Systems & data,foundation
Marketing tech stack,Marketing,Marketing Operations,Systems & data,foundation
Lead management process,Marketing,Marketing Operations,Systems & data,foundation
Campaign operations,Marketing,Marketing Operations,Systems & data,foundation
Marketing SLA,Marketing,Marketing Operations,Systems & data,foundation
Budget allocation model,Marketing,Marketing Operations,Systems & data,foundation
Marketing ROI reporting,Marketing,Marketing Operations,Systems & data,foundation
Channel performance reporting,Marketing,Marketing Operations,Systems & data,foundation
Revenue attribution,Marketing,Marketing Operations,Systems & data,foundation
Marketing function build,Marketing,Marketing Operations,Systems & data,foundation
Metadata.io setup,Marketing,Marketing Operations,Systems & data,foundation
Nurture program design,Marketing,Nurture & Lifecycle,Retain & expand,Expand
Lead nurture,Marketing,Nurture & Lifecycle,Retain & expand,Expand
Trial nurture,Marketing,Nurture & Lifecycle,Retain & expand,Expand
Re-engagement campaign,Marketing,Nurture & Lifecycle,Retain & expand,Expand
Lifecycle marketing,Marketing,Nurture & Lifecycle,Retain & expand,Expand
Customer marketing program,Marketing,Nurture & Lifecycle,Retain & expand,Expand
Upsell marketing,Marketing,Nurture & Lifecycle,Retain & expand,Expand
Advocacy marketing,Marketing,Nurture & Lifecycle,Retain & expand,Expand
PLG marketing,Marketing,Nurture & Lifecycle,Retain & expand,Expand
Product-led growth motion,Marketing,Nurture & Lifecycle,Retain & expand,Expand
Expansion marketing,Marketing,Nurture & Lifecycle,Retain & expand,Expand
CRM implementation,Revenue Operations,CRM Architecture,Systems & data,foundation
CRM migration,Revenue Operations,CRM Architecture,Systems & data,foundation
CRM cleanup,Revenue Operations,CRM Architecture,Systems & data,foundation
CRM governance,Revenue Operations,CRM Architecture,Systems & data,foundation
Salesforce build,Revenue Operations,CRM Architecture,Systems & data,foundation
Salesforce admin,Revenue Operations,CRM Architecture,Systems & data,foundation
Salesforce CPQ admin,Revenue Operations,CRM Architecture,Systems & data,foundation
Salesforce Revenue Cloud,Revenue Operations,CRM Architecture,Systems & data,foundation
HubSpot build,Revenue Operations,CRM Architecture,Systems & data,foundation
HubSpot admin,Revenue Operations,CRM Architecture,Systems & data,foundation
HubSpot Operations Hub,Revenue Operations,CRM Architecture,Systems & data,foundation
Marketo setup,Revenue Operations,CRM Architecture,Systems & data,foundation
Pipedrive admin,Revenue Operations,CRM Architecture,Systems & data,foundation
Pipedrive implementation,Revenue Operations,CRM Architecture,Systems & data,foundation
Attio setup,Revenue Operations,CRM Architecture,Systems & data,foundation
Monday.com CRM setup,Revenue Operations,CRM Architecture,Systems & data,foundation
Dynamics 365 admin,Revenue Operations,CRM Architecture,Systems & data,foundation
CRM consolidation,Revenue Operations,CRM Architecture,Systems & data,foundation
CRM audit,Revenue Operations,CRM Architecture,Systems & data,foundation
CRM health check,Revenue Operations,CRM Architecture,Systems & data,foundation
Object model design,Revenue Operations,CRM Architecture,Systems & data,foundation
Field architecture,Revenue Operations,CRM Architecture,Systems & data,foundation
Stage definitions,Revenue Operations,CRM Architecture,Systems & data,foundation
Record types design,Revenue Operations,CRM Architecture,Systems & data,foundation
Account hierarchy,Revenue Operations,CRM Architecture,Systems & data,foundation
Contact strategy,Revenue Operations,CRM Architecture,Systems & data,foundation
Custom object build,Revenue Operations,CRM Architecture,Systems & data,foundation
CRM documentation,Revenue Operations,CRM Architecture,Systems & data,foundation
Source of truth,Revenue Operations,Data & Integrity,Systems & data,foundation
Data model,Revenue Operations,Data & Integrity,Systems & data,foundation
Data governance,Revenue Operations,Data & Integrity,Systems & data,foundation
Data quality program,Revenue Operations,Data & Integrity,Systems & data,foundation
Dedup rules,Revenue Operations,Data & Integrity,Systems & data,foundation
Data enrichment,Revenue Operations,Data & Integrity,Systems & data,foundation
Contact enrichment,Revenue Operations,Data & Integrity,Systems & data,foundation
Account enrichment,Revenue Operations,Data & Integrity,Systems & data,foundation
Data hygiene process,Revenue Operations,Data & Integrity,Systems & data,foundation
Master data management,Revenue Operations,Data & Integrity,Systems & data,foundation
GDPR/data compliance ops,Revenue Operations,Data & Integrity,Systems & data,foundation
Revenue leakage analysis,Revenue Operations,Data & Integrity,Systems & data,foundation
ZoomInfo admin,Revenue Operations,Data & Integrity,Systems & data,foundation
ZoomInfo implementation,Revenue Operations,Data & Integrity,Systems & data,foundation
Clearbit implementation,Revenue Operations,Data & Integrity,Systems & data,foundation
Clearbit admin,Revenue Operations,Data & Integrity,Systems & data,foundation
Cognism setup,Revenue Operations,Data & Integrity,Systems & data,foundation
Lusha setup,Revenue Operations,Data & Integrity,Systems & data,foundation
Metrics dictionary,Revenue Operations,Reporting & Dashboards,Systems & data,foundation
Dashboard build,Revenue Operations,Reporting & Dashboards,Systems & data,foundation
Forecast dashboard,Revenue Operations,Reporting & Dashboards,Systems & data,foundation
Pipeline dashboard,Revenue Operations,Reporting & Dashboards,Systems & data,foundation
Exec reporting,Revenue Operations,Reporting & Dashboards,Systems & data,foundation
Board reporting package,Revenue Operations,Reporting & Dashboards,Systems & data,foundation
KPI framework,Revenue Operations,Reporting & Dashboards,Systems & data,foundation
Revenue reporting,Revenue Operations,Reporting & Dashboards,Systems & data,foundation
Clari setup,Revenue Operations,Reporting & Dashboards,Systems & data,foundation
Clari admin,Revenue Operations,Reporting & Dashboards,Systems & data,foundation
People.ai implementation,Revenue Operations,Reporting & Dashboards,Systems & data,foundation
Revenue Grid setup,Revenue Operations,Reporting & Dashboards,Systems & data,foundation
Looker build,Revenue Operations,Reporting & Dashboards,Systems & data,foundation
Tableau build,Revenue Operations,Reporting & Dashboards,Systems & data,foundation
Power BI setup,Revenue Operations,Reporting & Dashboards,Systems & data,foundation
Domo setup,Revenue Operations,Reporting & Dashboards,Systems & data,foundation
Metabase setup,Revenue Operations,Reporting & Dashboards,Systems & data,foundation
Sisense setup,Revenue Operations,Reporting & Dashboards,Systems & data,foundation
BI tool setup,Revenue Operations,Reporting & Dashboards,Systems & data,foundation
Rep-level reporting,Revenue Operations,Reporting & Dashboards,Systems & data,foundation
Activity reporting,Revenue Operations,Reporting & Dashboards,Systems & data,foundation
Conversion reporting,Revenue Operations,Reporting & Dashboards,Systems & data,foundation
Marketing reporting,Revenue Operations,Reporting & Dashboards,Systems & data,foundation
CS reporting,Revenue Operations,Reporting & Dashboards,Systems & data,foundation
Pipeline hygiene,Revenue Operations,Pipeline & Process,Win deals,Qualify
Pipeline governance,Revenue Operations,Pipeline & Process,Win deals,Qualify
Pipeline review process,Revenue Operations,Pipeline & Process,Win deals,Qualify
Funnel stage design,Revenue Operations,Pipeline & Process,Win deals,Qualify
Funnel analysis,Revenue Operations,Pipeline & Process,Win deals,Qualify
Conversion rate analysis,Revenue Operations,Pipeline & Process,Win deals,Qualify
Lead-to-revenue process,Revenue Operations,Pipeline & Process,Win deals,Qualify
Opportunity management,Revenue Operations,Pipeline & Process,Win deals,Qualify
Deal scoring,Revenue Operations,Pipeline & Process,Win deals,Qualify
Pipeline coverage model,Revenue Operations,Pipeline & Process,Win deals,Qualify
Process mapping,Revenue Operations,Pipeline & Process,Win deals,Qualify
GTM operating cadence,Revenue Operations,Pipeline & Process,Win deals,Qualify
Lead routing,Revenue Operations,Lead Management & Routing,Systems & data,Engage
Lead assignment rules,Revenue Operations,Lead Management & Routing,Systems & data,Engage
Lead scoring model,Revenue Operations,Lead Management & Routing,Systems & data,Engage
LeanData setup,Revenue Operations,Lead Management & Routing,Systems & data,Engage
LeanData implementation,Revenue Operations,Lead Management & Routing,Systems & data,Engage
Round robin setup,Revenue Operations,Lead Management & Routing,Systems & data,Engage
Territory-based routing,Revenue Operations,Lead Management & Routing,Systems & data,Engage
SLA enforcement,Revenue Operations,Lead Management & Routing,Systems & data,Engage
Speed-to-lead optimization,Revenue Operations,Lead Management & Routing,Systems & data,Engage
Lead dedup process,Revenue Operations,Lead Management & Routing,Systems & data,Engage
Inbound ops,Revenue Operations,Lead Management & Routing,Systems & data,Engage
Lead-to-account matching,Revenue Operations,Lead Management & Routing,Systems & data,Engage
Chili Piper setup,Revenue Operations,Lead Management & Routing,Systems & data,Engage
Territory design,Revenue Operations,Territory & Capacity,Lead & plan,foundation
Territory rules,Revenue Operations,Territory & Capacity,Lead & plan,foundation
Territory carving,Revenue Operations,Territory & Capacity,Lead & plan,foundation
Segment design,Revenue Operations,Territory & Capacity,Lead & plan,foundation
Named account model,Revenue Operations,Territory & Capacity,Lead & plan,foundation
Sales capacity model,Revenue Operations,Territory & Capacity,Lead & plan,foundation
Headcount model,Revenue Operations,Territory & Capacity,Lead & plan,foundation
Coverage model,Revenue Operations,Territory & Capacity,Lead & plan,foundation
Sales productivity model,Revenue Operations,Territory & Capacity,Lead & plan,foundation
Ramp modeling,Revenue Operations,Territory & Capacity,Lead & plan,foundation
Revenue model,Revenue Operations,Revenue Modeling & Analytics,Systems & data,foundation
Quota attainment tracking,Revenue Operations,Revenue Modeling & Analytics,Systems & data,foundation
Attainment forecasting,Revenue Operations,Revenue Modeling & Analytics,Systems & data,foundation
CAC/LTV analysis,Revenue Operations,Revenue Modeling & Analytics,Systems & data,foundation
Payback period model,Revenue Operations,Revenue Modeling & Analytics,Systems & data,foundation
Unit economics model,Revenue Operations,Revenue Modeling & Analytics,Systems & data,foundation
Churn model,Revenue Operations,Revenue Modeling & Analytics,Systems & data,foundation
Cohort analysis,Revenue Operations,Revenue Modeling & Analytics,Systems & data,foundation
Rep performance analytics,Revenue Operations,Revenue Modeling & Analytics,Systems & data,foundation
Funnel benchmarking,Revenue Operations,Revenue Modeling & Analytics,Systems & data,foundation
Sales velocity analysis,Revenue Operations,Revenue Modeling & Analytics,Systems & data,foundation
Win/loss analysis,Revenue Operations,Revenue Modeling & Analytics,Systems & data,foundation
ARR modeling,Revenue Operations,Revenue Modeling & Analytics,Systems & data,foundation
GTM efficiency analysis,Revenue Operations,Revenue Modeling & Analytics,Systems & data,foundation
Commission calculation,Revenue Operations,Compensation Ops,Systems & data,foundation
Comp plan administration,Revenue Operations,Compensation Ops,Systems & data,foundation
Variable pay tracking,Revenue Operations,Compensation Ops,Systems & data,foundation
Accelerator tracking,Revenue Operations,Compensation Ops,Systems & data,foundation
SPIF tracking,Revenue Operations,Compensation Ops,Systems & data,foundation
Quota attainment reporting,Revenue Operations,Compensation Ops,Systems & data,foundation
Compensation disputes,Revenue Operations,Compensation Ops,Systems & data,foundation
Tech stack audit,Revenue Operations,Tech Stack & Integrations,Systems & data,foundation
Sales engagement platform,Revenue Operations,Tech Stack & Integrations,Systems & data,foundation
Outreach admin,Revenue Operations,Tech Stack & Integrations,Systems & data,foundation
Outreach implementation,Revenue Operations,Tech Stack & Integrations,Systems & data,foundation
Salesloft admin,Revenue Operations,Tech Stack & Integrations,Systems & data,foundation
Salesloft implementation,Revenue Operations,Tech Stack & Integrations,Systems & data,foundation
Apollo admin,Revenue Operations,Tech Stack & Integrations,Systems & data,foundation
Apollo implementation,Revenue Operations,Tech Stack & Integrations,Systems & data,foundation
Gong admin,Revenue Operations,Tech Stack & Integrations,Systems & data,foundation
Gong implementation,Revenue Operations,Tech Stack & Integrations,Systems & data,foundation
Chorus admin,Revenue Operations,Tech Stack & Integrations,Systems & data,foundation
6sense implementation,Revenue Operations,Tech Stack & Integrations,Systems & data,foundation
6sense admin,Revenue Operations,Tech Stack & Integrations,Systems & data,foundation
Demandbase implementation,Revenue Operations,Tech Stack & Integrations,Systems & data,foundation
Demandbase admin,Revenue Operations,Tech Stack & Integrations,Systems & data,foundation
Bombora implementation,Revenue Operations,Tech Stack & Integrations,Systems & data,foundation
Qualified implementation,Revenue Operations,Tech Stack & Integrations,Systems & data,foundation
Drift implementation,Revenue Operations,Tech Stack & Integrations,Systems & data,foundation
Orum setup,Revenue Operations,Tech Stack & Integrations,Systems & data,foundation
Nooks setup,Revenue Operations,Tech Stack & Integrations,Systems & data,foundation
RingCentral/Dialpad setup,Revenue Operations,Tech Stack & Integrations,Systems & data,foundation
Groove setup,Revenue Operations,Tech Stack & Integrations,Systems & data,foundation
Kixie setup,Revenue Operations,Tech Stack & Integrations,Systems & data,foundation
DocuSign admin,Revenue Operations,Tech Stack & Integrations,Systems & data,foundation
PandaDoc setup,Revenue Operations,Tech Stack & Integrations,Systems & data,foundation
DealHub setup,Revenue Operations,Tech Stack & Integrations,Systems & data,foundation
Conga CPQ setup,Revenue Operations,Tech Stack & Integrations,Systems & data,foundation
Ironclad setup,Revenue Operations,Tech Stack & Integrations,Systems & data,foundation
Ironclad admin,Revenue Operations,Tech Stack & Integrations,Systems & data,foundation
CPQ setup,Revenue Operations,Tech Stack & Integrations,Systems & data,foundation
CPQ admin,Revenue Operations,Tech Stack & Integrations,Systems & data,foundation
E-signature setup,Revenue Operations,Tech Stack & Integrations,Systems & data,foundation
Marketing-sales integration,Revenue Operations,Tech Stack & Integrations,Systems & data,foundation
CS-sales integration,Revenue Operations,Tech Stack & Integrations,Systems & data,foundation
Finance-RevOps integration,Revenue Operations,Tech Stack & Integrations,Systems & data,foundation
Tool consolidation,Revenue Operations,Tech Stack & Integrations,Systems & data,foundation
Vendor evaluation,Revenue Operations,Tech Stack & Integrations,Systems & data,foundation
API integration oversight,Revenue Operations,Tech Stack & Integrations,Systems & data,foundation
RevOps function build,Revenue Operations,Tech Stack & Integrations,Systems & data,foundation
Sales-marketing alignment,Revenue Operations,Alignment & Process,Lead & plan,foundation
Marketing-CS handoff,Revenue Operations,Alignment & Process,Lead & plan,foundation
Sales-CS handoff process,Revenue Operations,Alignment & Process,Lead & plan,foundation
Handoff SLA design,Revenue Operations,Alignment & Process,Lead & plan,foundation
GTM operating cadence,Revenue Operations,Alignment & Process,Lead & plan,foundation
QBR ops,Revenue Operations,Alignment & Process,Lead & plan,foundation
Forecast cadence ops,Revenue Operations,Alignment & Process,Lead & plan,foundation
Cross-functional alignment,Revenue Operations,Alignment & Process,Lead & plan,foundation
Pre-acquisition RevOps,Revenue Operations,Alignment & Process,Lead & plan,foundation
PE portfolio RevOps,Revenue Operations,Alignment & Process,Lead & plan,foundation
RevOps audit,Revenue Operations,Alignment & Process,Lead & plan,foundation
New hire onboarding,Sales Enablement,Onboarding & Ramp,Build the team,foundation
Onboarding curriculum,Sales Enablement,Onboarding & Ramp,Build the team,foundation
Ramp program,Sales Enablement,Onboarding & Ramp,Build the team,foundation
30-60-90 plan,Sales Enablement,Onboarding & Ramp,Build the team,foundation
Pre-boarding program,Sales Enablement,Onboarding & Ramp,Build the team,foundation
Product training,Sales Enablement,Onboarding & Ramp,Build the team,foundation
Industry training,Sales Enablement,Onboarding & Ramp,Build the team,foundation
Competitive onboarding,Sales Enablement,Onboarding & Ramp,Build the team,foundation
Systems training,Sales Enablement,Onboarding & Ramp,Build the team,foundation
Time-to-first-deal tracking,Sales Enablement,Onboarding & Ramp,Build the team,foundation
Time-to-productivity framework,Sales Enablement,Onboarding & Ramp,Build the team,foundation
Onboarding assessment,Sales Enablement,Onboarding & Ramp,Build the team,foundation
Buddy program design,Sales Enablement,Onboarding & Ramp,Build the team,foundation
Enablement function build,Sales Enablement,Onboarding & Ramp,Build the team,foundation
Certification program,Sales Enablement,Certification & Assessment,Build the team,foundation
Pitch certification,Sales Enablement,Certification & Assessment,Build the team,foundation
Discovery certification,Sales Enablement,Certification & Assessment,Build the team,foundation
Demo certification,Sales Enablement,Certification & Assessment,Build the team,foundation
Skills rubric,Sales Enablement,Certification & Assessment,Build the team,foundation
Competency framework,Sales Enablement,Certification & Assessment,Build the team,foundation
Skills assessment,Sales Enablement,Certification & Assessment,Build the team,foundation
Rep readiness scoring,Sales Enablement,Certification & Assessment,Build the team,foundation
Manager readiness scoring,Sales Enablement,Certification & Assessment,Build the team,foundation
Knowledge check design,Sales Enablement,Certification & Assessment,Build the team,foundation
Role-play assessment,Sales Enablement,Certification & Assessment,Build the team,foundation
Discovery training,Sales Enablement,Sales Training,Build the team,foundation
Demo training,Sales Enablement,Sales Training,Build the team,foundation
Objection handling training,Sales Enablement,Sales Training,Build the team,foundation
Negotiation training,Sales Enablement,Sales Training,Build the team,foundation
Storytelling training,Sales Enablement,Sales Training,Build the team,foundation
Value selling training,Sales Enablement,Sales Training,Build the team,foundation
Executive selling training,Sales Enablement,Sales Training,Build the team,foundation
Multithreading training,Sales Enablement,Sales Training,Build the team,foundation
Prospecting training,Sales Enablement,Sales Training,Build the team,foundation
Cold call training,Sales Enablement,Sales Training,Build the team,foundation
Email writing training,Sales Enablement,Sales Training,Build the team,foundation
LinkedIn prospecting training,Sales Enablement,Sales Training,Build the team,foundation
Social selling training,Sales Enablement,Sales Training,Build the team,foundation
Closing training,Sales Enablement,Sales Training,Build the team,foundation
Pricing conversation training,Sales Enablement,Sales Training,Build the team,foundation
Sales AI training,Sales Enablement,Sales Training,Build the team,foundation
Buyer journey training,Sales Enablement,Sales Training,Build the team,foundation
Methodology rollout,Sales Enablement,Methodology,Build the team,foundation
MEDDIC/MEDDPICC,Sales Enablement,Methodology,Build the team,foundation
Command of the Message,Sales Enablement,Methodology,Build the team,foundation
Challenger rollout,Sales Enablement,Methodology,Build the team,foundation
SPIN selling,Sales Enablement,Methodology,Build the team,foundation
Sandler rollout,Sales Enablement,Methodology,Build the team,foundation
Solution selling,Sales Enablement,Methodology,Build the team,foundation
SPICED framework,Sales Enablement,Methodology,Build the team,foundation
Value Framework rollout,Sales Enablement,Methodology,Build the team,foundation
Custom methodology design,Sales Enablement,Methodology,Build the team,foundation
Methodology reinforcement program,Sales Enablement,Methodology,Build the team,foundation
Methodology audit,Sales Enablement,Methodology,Build the team,foundation
Call scorecards,Sales Enablement,Coaching Infrastructure,Build the team,foundation
Manager coaching cadence,Sales Enablement,Coaching Infrastructure,Build the team,foundation
1:1 coaching guides,Sales Enablement,Coaching Infrastructure,Build the team,foundation
Pipeline coaching framework,Sales Enablement,Coaching Infrastructure,Build the team,foundation
Deal coaching framework,Sales Enablement,Coaching Infrastructure,Build the team,foundation
Ride-along program,Sales Enablement,Coaching Infrastructure,Build the team,foundation
Field coaching,Sales Enablement,Coaching Infrastructure,Build the team,foundation
Live call coaching,Sales Enablement,Coaching Infrastructure,Build the team,foundation
Coaching calibration,Sales Enablement,Coaching Infrastructure,Build the team,foundation
Conversation intelligence program,Sales Enablement,Coaching Infrastructure,Build the team,foundation
Rep performance reviews,Sales Enablement,Coaching Infrastructure,Build the team,foundation
Coaching culture build,Sales Enablement,Coaching Infrastructure,Build the team,foundation
Manager onboarding,Sales Enablement,Manager Enablement,Build the team,foundation
Manager training,Sales Enablement,Manager Enablement,Build the team,foundation
Manager certification,Sales Enablement,Manager Enablement,Build the team,foundation
Frontline manager playbook,Sales Enablement,Manager Enablement,Build the team,foundation
Manager coaching guide,Sales Enablement,Manager Enablement,Build the team,foundation
Manager effectiveness program,Sales Enablement,Manager Enablement,Build the team,foundation
Sales leadership development,Sales Enablement,Manager Enablement,Build the team,foundation
New manager program,Sales Enablement,Manager Enablement,Build the team,foundation
Sales playbook,Sales Enablement,Content & Assets,Systems & data,foundation
Talk tracks,Sales Enablement,Content & Assets,Systems & data,foundation
Battle cards,Sales Enablement,Content & Assets,Systems & data,foundation
Objection library,Sales Enablement,Content & Assets,Systems & data,foundation
Pitch deck build,Sales Enablement,Content & Assets,Systems & data,foundation
Executive pitch,Sales Enablement,Content & Assets,Systems & data,foundation
Demo script,Sales Enablement,Content & Assets,Systems & data,foundation
Demo environment setup,Sales Enablement,Content & Assets,Systems & data,foundation
ROI calculator,Sales Enablement,Content & Assets,Systems & data,foundation
Business case template,Sales Enablement,Content & Assets,Systems & data,foundation
Email templates,Sales Enablement,Content & Assets,Systems & data,foundation
Cold call scripts,Sales Enablement,Content & Assets,Systems & data,foundation
LinkedIn templates,Sales Enablement,Content & Assets,Systems & data,foundation
Discovery guide,Sales Enablement,Content & Assets,Systems & data,foundation
Proposal template,Sales Enablement,Content & Assets,Systems & data,foundation
Proof of concept guide,Sales Enablement,Content & Assets,Systems & data,foundation
One-pager creation,Sales Enablement,Content & Assets,Systems & data,foundation
Case study production,Sales Enablement,Content & Assets,Systems & data,foundation
Competitive one-pagers,Sales Enablement,Content & Assets,Systems & data,foundation
FAQ library,Sales Enablement,Content & Assets,Systems & data,foundation
Reference guide,Sales Enablement,Content & Assets,Systems & data,foundation
Digital sales room,Sales Enablement,Content & Assets,Systems & data,foundation
Buyer enablement content,Sales Enablement,Content & Assets,Systems & data,foundation
Vidyard setup,Sales Enablement,Content & Assets,Systems & data,foundation
Loom for sales setup,Sales Enablement,Content & Assets,Systems & data,foundation
Reprise setup,Sales Enablement,Content & Assets,Systems & data,foundation
Demostack setup,Sales Enablement,Content & Assets,Systems & data,foundation
Walnut setup,Sales Enablement,Content & Assets,Systems & data,foundation
Navattic setup,Sales Enablement,Content & Assets,Systems & data,foundation
Lavender setup,Sales Enablement,Content & Assets,Systems & data,foundation
Regie.ai setup,Sales Enablement,Content & Assets,Systems & data,foundation
Trumpet setup,Sales Enablement,Content & Assets,Systems & data,foundation
Enablement platform setup,Sales Enablement,Platform & Ops,Systems & data,foundation
Highspot setup,Sales Enablement,Platform & Ops,Systems & data,foundation
Highspot admin,Sales Enablement,Platform & Ops,Systems & data,foundation
Seismic setup,Sales Enablement,Platform & Ops,Systems & data,foundation
Seismic admin,Sales Enablement,Platform & Ops,Systems & data,foundation
Showpad setup,Sales Enablement,Platform & Ops,Systems & data,foundation
Showpad admin,Sales Enablement,Platform & Ops,Systems & data,foundation
Mindtickle setup,Sales Enablement,Platform & Ops,Systems & data,foundation
Mindtickle admin,Sales Enablement,Platform & Ops,Systems & data,foundation
Brainshark setup,Sales Enablement,Platform & Ops,Systems & data,foundation
WorkRamp setup,Sales Enablement,Platform & Ops,Systems & data,foundation
LMS setup,Sales Enablement,Platform & Ops,Systems & data,foundation
Lessonly/Seismic Learning setup,Sales Enablement,Platform & Ops,Systems & data,foundation
Docebo setup,Sales Enablement,Platform & Ops,Systems & data,foundation
Allego setup,Sales Enablement,Platform & Ops,Systems & data,foundation
Ambition setup,Sales Enablement,Platform & Ops,Systems & data,foundation
Spekit setup,Sales Enablement,Platform & Ops,Systems & data,foundation
Guru setup,Sales Enablement,Platform & Ops,Systems & data,foundation
Content management system,Sales Enablement,Platform & Ops,Systems & data,foundation
Content governance,Sales Enablement,Platform & Ops,Systems & data,foundation
Content utilization tracking,Sales Enablement,Platform & Ops,Systems & data,foundation
Enablement metrics,Sales Enablement,Platform & Ops,Systems & data,foundation
Enablement roadmap,Sales Enablement,Platform & Ops,Systems & data,foundation
Content audit,Sales Enablement,Platform & Ops,Systems & data,foundation
SKO design,Sales Enablement,Launch & Events,Lead & plan,foundation
SKO facilitation,Sales Enablement,Launch & Events,Lead & plan,foundation
Product launch readiness,Sales Enablement,Launch & Events,Lead & plan,foundation
Feature launch enablement,Sales Enablement,Launch & Events,Lead & plan,foundation
Workshop design,Sales Enablement,Launch & Events,Lead & plan,foundation
Workshop facilitation,Sales Enablement,Launch & Events,Lead & plan,foundation
Sales kickoff curriculum,Sales Enablement,Launch & Events,Lead & plan,foundation
QBR prep support,Sales Enablement,Launch & Events,Lead & plan,foundation
Role-play event design,Sales Enablement,Launch & Events,Lead & plan,foundation
Renewal process design,Customer Success & Growth,Retention & Renewal,Retain & expand,Adopt
Renewal forecasting,Customer Success & Growth,Retention & Renewal,Retain & expand,Adopt
Renewal playbook,Customer Success & Growth,Retention & Renewal,Retain & expand,Adopt
Multi-year renewal strategy,Customer Success & Growth,Retention & Renewal,Retain & expand,Adopt
Logo retention,Customer Success & Growth,Retention & Renewal,Retain & expand,Adopt
Gross retention improvement,Customer Success & Growth,Retention & Renewal,Retain & expand,Adopt
Net retention improvement,Customer Success & Growth,Retention & Renewal,Retain & expand,Adopt
NRR optimization,Customer Success & Growth,Retention & Renewal,Retain & expand,Adopt
GRR improvement,Customer Success & Growth,Retention & Renewal,Retain & expand,Adopt
NRR forecasting,Customer Success & Growth,Retention & Renewal,Retain & expand,Adopt
Renewal QBR,Customer Success & Growth,Retention & Renewal,Retain & expand,Adopt
Early renewal motion,Customer Success & Growth,Retention & Renewal,Retain & expand,Adopt
Auto-renewal program,Customer Success & Growth,Retention & Renewal,Retain & expand,Adopt
Renewal ops,Customer Success & Growth,Retention & Renewal,Retain & expand,Adopt
Revenue retention improvement,Customer Success & Growth,Retention & Renewal,Retain & expand,Adopt
Churn analysis,Customer Success & Growth,Churn Management,Retain & expand,Adopt
Churn reduction,Customer Success & Growth,Churn Management,Retain & expand,Adopt
Contraction forecasting,Customer Success & Growth,Churn Management,Retain & expand,Adopt
Save playbook,Customer Success & Growth,Churn Management,Retain & expand,Adopt
At-risk account process,Customer Success & Growth,Churn Management,Retain & expand,Adopt
Cancellation flow,Customer Success & Growth,Churn Management,Retain & expand,Adopt
Win-back program,Customer Success & Growth,Churn Management,Retain & expand,Adopt
Churn attribution,Customer Success & Growth,Churn Management,Retain & expand,Adopt
Churn prediction model,Customer Success & Growth,Churn Management,Retain & expand,Adopt
Escalation management,Customer Success & Growth,Churn Management,Retain & expand,Adopt
Executive intervention process,Customer Success & Growth,Churn Management,Retain & expand,Adopt
Inherent vs fixable churn,Customer Success & Growth,Churn Management,Retain & expand,Adopt
Expansion motion design,Customer Success & Growth,Expansion Motion,Retain & expand,Expand
Upsell playbook,Customer Success & Growth,Expansion Motion,Retain & expand,Expand
Cross-sell playbook,Customer Success & Growth,Expansion Motion,Retain & expand,Expand
Land and expand,Customer Success & Growth,Expansion Motion,Retain & expand,Expand
Expansion forecasting,Customer Success & Growth,Expansion Motion,Retain & expand,Expand
Expansion pipeline,Customer Success & Growth,Expansion Motion,Retain & expand,Expand
CS-to-sales handoff,Customer Success & Growth,Expansion Motion,Retain & expand,Expand
Expansion trigger framework,Customer Success & Growth,Expansion Motion,Retain & expand,Expand
Usage-based expansion,Customer Success & Growth,Expansion Motion,Retain & expand,Expand
Seat expansion,Customer Success & Growth,Expansion Motion,Retain & expand,Expand
Multi-product expansion,Customer Success & Growth,Expansion Motion,Retain & expand,Expand
Partner expansion,Customer Success & Growth,Expansion Motion,Retain & expand,Expand
Expansion marketing alignment,Customer Success & Growth,Expansion Motion,Retain & expand,Expand
Health scoring model,Customer Success & Growth,Customer Health,Retain & expand,Adopt
Health score build,Customer Success & Growth,Customer Health,Retain & expand,Adopt
Usage analytics,Customer Success & Growth,Customer Health,Retain & expand,Adopt
Feature adoption tracking,Customer Success & Growth,Customer Health,Retain & expand,Adopt
Engagement scoring,Customer Success & Growth,Customer Health,Retain & expand,Adopt
Activity scoring,Customer Success & Growth,Customer Health,Retain & expand,Adopt
Product adoption program,Customer Success & Growth,Customer Health,Retain & expand,Adopt
Adoption playbook,Customer Success & Growth,Customer Health,Retain & expand,Adopt
Low-usage intervention,Customer Success & Growth,Customer Health,Retain & expand,Adopt
Adoption benchmarking,Customer Success & Growth,Customer Health,Retain & expand,Adopt
Health alert system,Customer Success & Growth,Customer Health,Retain & expand,Adopt
CS maturity assessment,Customer Success & Growth,Customer Health,Retain & expand,Adopt
Pendo setup,Customer Success & Growth,Customer Health,Retain & expand,Adopt
Pendo implementation,Customer Success & Growth,Customer Health,Retain & expand,Adopt
Mixpanel setup,Customer Success & Growth,Customer Health,Retain & expand,Adopt
Amplitude setup,Customer Success & Growth,Customer Health,Retain & expand,Adopt
FullStory setup,Customer Success & Growth,Customer Health,Retain & expand,Adopt
Onboarding process design,Customer Success & Growth,Onboarding & Implementation,Retain & expand,Onboard
Implementation playbook,Customer Success & Growth,Onboarding & Implementation,Retain & expand,Onboard
Implementation handoff,Customer Success & Growth,Onboarding & Implementation,Retain & expand,Onboard
CS kickoff design,Customer Success & Growth,Onboarding & Implementation,Retain & expand,Onboard
Day-one experience,Customer Success & Growth,Onboarding & Implementation,Retain & expand,Onboard
Success plan framework,Customer Success & Growth,Onboarding & Implementation,Retain & expand,Onboard
Milestone tracking,Customer Success & Growth,Onboarding & Implementation,Retain & expand,Onboard
Time-to-value framework,Customer Success & Growth,Onboarding & Implementation,Retain & expand,Onboard
Self-serve onboarding,Customer Success & Growth,Onboarding & Implementation,Retain & expand,Onboard
High-touch onboarding,Customer Success & Growth,Onboarding & Implementation,Retain & expand,Onboard
Tech-touch onboarding,Customer Success & Growth,Onboarding & Implementation,Retain & expand,Onboard
Onboarding automation,Customer Success & Growth,Onboarding & Implementation,Retain & expand,Onboard
Pooled CSM model,Customer Success & Growth,Onboarding & Implementation,Retain & expand,Onboard
White-glove program,Customer Success & Growth,Onboarding & Implementation,Retain & expand,Onboard
QBR framework,Customer Success & Growth,Customer Engagement,Retain & expand,Adopt
QBR facilitation,Customer Success & Growth,Customer Engagement,Retain & expand,Adopt
EBR design,Customer Success & Growth,Customer Engagement,Retain & expand,Adopt
EBR facilitation,Customer Success & Growth,Customer Engagement,Retain & expand,Adopt
Executive sponsor program,Customer Success & Growth,Customer Engagement,Retain & expand,Adopt
Success plan reviews,Customer Success & Growth,Customer Engagement,Retain & expand,Adopt
Business review cadence,Customer Success & Growth,Customer Engagement,Retain & expand,Adopt
Multi-stakeholder engagement,Customer Success & Growth,Customer Engagement,Retain & expand,Adopt
Champion development,Customer Success & Growth,Customer Engagement,Retain & expand,Adopt
Champion succession planning,Customer Success & Growth,Customer Engagement,Retain & expand,Adopt
NPS program,Customer Success & Growth,Voice of Customer,Retain & expand,Adopt
CSAT program,Customer Success & Growth,Voice of Customer,Retain & expand,Adopt
VOC program,Customer Success & Growth,Voice of Customer,Retain & expand,Adopt
Customer feedback loop,Customer Success & Growth,Voice of Customer,Retain & expand,Adopt
Support escalation analysis,Customer Success & Growth,Voice of Customer,Retain & expand,Adopt
Product feedback synthesis,Customer Success & Growth,Voice of Customer,Retain & expand,Adopt
Customer advisory board,Customer Success & Growth,Voice of Customer,Retain & expand,Adopt
User research ops,Customer Success & Growth,Voice of Customer,Retain & expand,Adopt
Sentiment analysis,Customer Success & Growth,Voice of Customer,Retain & expand,Adopt
CS-product alignment,Customer Success & Growth,Voice of Customer,Retain & expand,Adopt
CS segmentation model,Customer Success & Growth,CS Operations & Org,Systems & data,foundation
CS coverage model,Customer Success & Growth,CS Operations & Org,Systems & data,foundation
CS capacity model,Customer Success & Growth,CS Operations & Org,Systems & data,foundation
Tiered service model,Customer Success & Growth,CS Operations & Org,Systems & data,foundation
Scaled CS program,Customer Success & Growth,CS Operations & Org,Systems & data,foundation
Digital CS program,Customer Success & Growth,CS Operations & Org,Systems & data,foundation
Tech-touch program,Customer Success & Growth,CS Operations & Org,Systems & data,foundation
CS automation,Customer Success & Growth,CS Operations & Org,Systems & data,foundation
CS playbook library,Customer Success & Growth,CS Operations & Org,Systems & data,foundation
CS metrics framework,Customer Success & Growth,CS Operations & Org,Systems & data,foundation
CS QBR ops,Customer Success & Growth,CS Operations & Org,Systems & data,foundation
CS forecasting,Customer Success & Growth,CS Operations & Org,Systems & data,foundation
Gainsight setup,Customer Success & Growth,CS Operations & Org,Systems & data,foundation
Gainsight admin,Customer Success & Growth,CS Operations & Org,Systems & data,foundation
ChurnZero setup,Customer Success & Growth,CS Operations & Org,Systems & data,foundation
ChurnZero admin,Customer Success & Growth,CS Operations & Org,Systems & data,foundation
Totango setup,Customer Success & Growth,CS Operations & Org,Systems & data,foundation
Totango admin,Customer Success & Growth,CS Operations & Org,Systems & data,foundation
Vitally setup,Customer Success & Growth,CS Operations & Org,Systems & data,foundation
Vitally admin,Customer Success & Growth,CS Operations & Org,Systems & data,foundation
Planhat setup,Customer Success & Growth,CS Operations & Org,Systems & data,foundation
Planhat admin,Customer Success & Growth,CS Operations & Org,Systems & data,foundation
Catalyst setup,Customer Success & Growth,CS Operations & Org,Systems & data,foundation
CS platform migration,Customer Success & Growth,CS Operations & Org,Systems & data,foundation
Zendesk setup,Customer Success & Growth,CS Operations & Org,Systems & data,foundation
Zendesk admin,Customer Success & Growth,CS Operations & Org,Systems & data,foundation
Freshdesk setup,Customer Success & Growth,CS Operations & Org,Systems & data,foundation
Intercom CS setup,Customer Success & Growth,CS Operations & Org,Systems & data,foundation
CS team build,Customer Success & Growth,CS Operations & Org,Systems & data,foundation
CS hiring,Customer Success & Growth,CS Operations & Org,Systems & data,foundation
CS org design,Customer Success & Growth,CS Operations & Org,Systems & data,foundation
CS performance metrics,Customer Success & Growth,CS Operations & Org,Systems & data,foundation
CS compensation design,Customer Success & Growth,CS Operations & Org,Systems & data,foundation
CS function build,Customer Success & Growth,CS Operations & Org,Systems & data,foundation
ARR math literacy,Customer Success & Growth,CS Operations & Org,Systems & data,foundation
Customer advocacy program,Customer Success & Growth,Advocacy & Community,Retain & expand,Expand
Reference program,Customer Success & Growth,Advocacy & Community,Retain & expand,Expand
Case study program,Customer Success & Growth,Advocacy & Community,Retain & expand,Expand
Customer community,Customer Success & Growth,Advocacy & Community,Retain & expand,Expand
Peer network,Customer Success & Growth,Advocacy & Community,Retain & expand,Expand
G2/review program,Customer Success & Growth,Advocacy & Community,Retain & expand,Expand
Customer-led growth,Customer Success & Growth,Advocacy & Community,Retain & expand,Expand
CS-to-sales handoff design,Customer Success & Growth,Post-Sale Strategy,Lead & plan,foundation
Post-sale motion design,Customer Success & Growth,Post-Sale Strategy,Lead & plan,foundation
Value realization framework,Customer Success & Growth,Post-Sale Strategy,Lead & plan,foundation
ROI reporting,Customer Success & Growth,Post-Sale Strategy,Lead & plan,foundation
Customer lifecycle design,Customer Success & Growth,Post-Sale Strategy,Lead & plan,foundation
Segment-specific CS model,Customer Success & Growth,Post-Sale Strategy,Lead & plan,foundation
Enterprise CS model,Customer Success & Growth,Post-Sale Strategy,Lead & plan,foundation
SMB CS model,Customer Success & Growth,Post-Sale Strategy,Lead & plan,foundation
CS strategy build,Customer Success & Growth,Post-Sale Strategy,Lead & plan,foundation
CS AI strategy,Customer Success & Growth,Post-Sale Strategy,Lead & plan,foundation
AI GTM strategy,AI GTM,Strategy & Assessment,Lead & plan,foundation
AI readiness assessment,AI GTM,Strategy & Assessment,Lead & plan,foundation
AI maturity audit,AI GTM,Strategy & Assessment,Lead & plan,foundation
AI tool selection,AI GTM,Strategy & Assessment,Lead & plan,foundation
AI vendor evaluation,AI GTM,Strategy & Assessment,Lead & plan,foundation
AI roadmap,AI GTM,Strategy & Assessment,Lead & plan,foundation
AI use case prioritization,AI GTM,Strategy & Assessment,Lead & plan,foundation
AI governance framework,AI GTM,Strategy & Assessment,Lead & plan,foundation
Prompt governance,AI GTM,Strategy & Assessment,Lead & plan,foundation
Prompt library,AI GTM,Strategy & Assessment,Lead & plan,foundation
Prompt engineering,AI GTM,Strategy & Assessment,Lead & plan,foundation
LLM evaluation,AI GTM,Strategy & Assessment,Lead & plan,foundation
AI ROI framework,AI GTM,Strategy & Assessment,Lead & plan,foundation
AI change management,AI GTM,Strategy & Assessment,Lead & plan,foundation
AI adoption program,AI GTM,Strategy & Assessment,Lead & plan,foundation
GTM engineer hire/build,AI GTM,Strategy & Assessment,Lead & plan,foundation
Sales AI strategy,AI GTM,Strategy & Assessment,Lead & plan,foundation
Workflow automation,AI GTM,Workflow & Automation,Systems & data,foundation
Process automation design,AI GTM,Workflow & Automation,Systems & data,foundation
Clay workflow build,AI GTM,Workflow & Automation,Systems & data,foundation
Make/Zapier setup,AI GTM,Workflow & Automation,Systems & data,foundation
n8n setup,AI GTM,Workflow & Automation,Systems & data,foundation
No-code automation,AI GTM,Workflow & Automation,Systems & data,foundation
CRM workflow automation,AI GTM,Workflow & Automation,Systems & data,foundation
Trigger-based automation,AI GTM,Workflow & Automation,Systems & data,foundation
Multi-step workflow design,AI GTM,Workflow & Automation,Systems & data,foundation
Automated task routing,AI GTM,Workflow & Automation,Systems & data,foundation
Instantly setup,AI GTM,Workflow & Automation,Systems & data,foundation
Instantly admin,AI GTM,Workflow & Automation,Systems & data,foundation
Smartlead setup,AI GTM,Workflow & Automation,Systems & data,foundation
Lemlist setup,AI GTM,Workflow & Automation,Systems & data,foundation
Mailshake setup,AI GTM,Workflow & Automation,Systems & data,foundation
Reply.io setup,AI GTM,Workflow & Automation,Systems & data,foundation
Amplemarket setup,AI GTM,Workflow & Automation,Systems & data,foundation
Salesloft Rhythm setup,AI GTM,Workflow & Automation,Systems & data,foundation
Data pipeline automation,AI GTM,Workflow & Automation,Systems & data,foundation
Enrichment automation,AI GTM,Workflow & Automation,Systems & data,foundation
API orchestration,AI GTM,Workflow & Automation,Systems & data,foundation
Agentic workflow design,AI GTM,Workflow & Automation,Systems & data,foundation
Multi-agent system build,AI GTM,Workflow & Automation,Systems & data,foundation
AI SDR setup,AI GTM,Outbound & Prospecting AI,Generate demand,Engage
AI SDR management,AI GTM,Outbound & Prospecting AI,Generate demand,Engage
AI outbound program,AI GTM,Outbound & Prospecting AI,Generate demand,Engage
AI enrichment,AI GTM,Outbound & Prospecting AI,Generate demand,Engage
AI lead routing,AI GTM,Outbound & Prospecting AI,Generate demand,Engage
Email personalization AI,AI GTM,Outbound & Prospecting AI,Generate demand,Engage
AI sequence writing,AI GTM,Outbound & Prospecting AI,Generate demand,Engage
LinkedIn automation,AI GTM,Outbound & Prospecting AI,Generate demand,Engage
AI research automation,AI GTM,Outbound & Prospecting AI,Generate demand,Engage
Account intelligence automation,AI GTM,Outbound & Prospecting AI,Generate demand,Engage
Prospect prioritization AI,AI GTM,Outbound & Prospecting AI,Generate demand,Engage
Signal-based outreach,AI GTM,Outbound & Prospecting AI,Generate demand,Engage
Job change monitoring,AI GTM,Outbound & Prospecting AI,Generate demand,Engage
Hiring signal tracking,AI GTM,Outbound & Prospecting AI,Generate demand,Engage
Funding signal tracking,AI GTM,Outbound & Prospecting AI,Generate demand,Engage
Intent signal activation,AI GTM,Outbound & Prospecting AI,Generate demand,Engage
AI cold call assist,AI GTM,Outbound & Prospecting AI,Generate demand,Engage
Technographic targeting,AI GTM,Outbound & Prospecting AI,Generate demand,Engage
Custom data pipeline,AI GTM,Outbound & Prospecting AI,Generate demand,Engage
Lavender implementation,AI GTM,Outbound & Prospecting AI,Generate demand,Engage
Regie.ai implementation,AI GTM,Outbound & Prospecting AI,Generate demand,Engage
Persana setup,AI GTM,Outbound & Prospecting AI,Generate demand,Engage
Keyplay setup,AI GTM,Outbound & Prospecting AI,Generate demand,Engage
Warmly setup,AI GTM,Outbound & Prospecting AI,Generate demand,Engage
UserGems setup,AI GTM,Outbound & Prospecting AI,Generate demand,Engage
Common Room setup,AI GTM,Outbound & Prospecting AI,Generate demand,Engage
Unify setup,AI GTM,Outbound & Prospecting AI,Generate demand,Engage
Intent modeling,AI GTM,Lead & Account Intelligence,Generate demand,Engage
AI scoring,AI GTM,Lead & Account Intelligence,Generate demand,Engage
AI lead scoring,AI GTM,Lead & Account Intelligence,Generate demand,Engage
Account scoring,AI GTM,Lead & Account Intelligence,Generate demand,Engage
Predictive pipeline,AI GTM,Lead & Account Intelligence,Generate demand,Engage
Fit scoring,AI GTM,Lead & Account Intelligence,Generate demand,Engage
Buying signal detection,AI GTM,Lead & Account Intelligence,Generate demand,Engage
Website visitor identification,AI GTM,Lead & Account Intelligence,Generate demand,Engage
Technographic analysis,AI GTM,Lead & Account Intelligence,Generate demand,Engage
6sense intent setup,AI GTM,Lead & Account Intelligence,Generate demand,Engage
Bombora intent setup,AI GTM,Lead & Account Intelligence,Generate demand,Engage
G2 Buyer Intent setup,AI GTM,Lead & Account Intelligence,Generate demand,Engage
ZoomInfo intent setup,AI GTM,Lead & Account Intelligence,Generate demand,Engage
Clearbit implementation,AI GTM,Lead & Account Intelligence,Generate demand,Engage
Clearbit admin,AI GTM,Lead & Account Intelligence,Generate demand,Engage
Firmographic enrichment,AI GTM,Lead & Account Intelligence,Generate demand,Engage
Contact data enrichment,AI GTM,Lead & Account Intelligence,Generate demand,Engage
News monitoring,AI GTM,Lead & Account Intelligence,Generate demand,Engage
Social signal tracking,AI GTM,Lead & Account Intelligence,Generate demand,Engage
Account clustering,AI GTM,Lead & Account Intelligence,Generate demand,Engage
Competitive signal monitoring,AI GTM,Lead & Account Intelligence,Generate demand,Engage
Datagma setup,AI GTM,Lead & Account Intelligence,Generate demand,Engage
Surfe setup,AI GTM,Lead & Account Intelligence,Generate demand,Engage
Call summarization,AI GTM,Sales Intelligence & Coaching,Win deals,Qualify
Call QA automation,AI GTM,Sales Intelligence & Coaching,Win deals,Qualify
Call scoring AI,AI GTM,Sales Intelligence & Coaching,Win deals,Qualify
Gong admin,AI GTM,Sales Intelligence & Coaching,Win deals,Qualify
Gong implementation,AI GTM,Sales Intelligence & Coaching,Win deals,Qualify
Gong Engage setup,AI GTM,Sales Intelligence & Coaching,Win deals,Qualify
Chorus admin,AI GTM,Sales Intelligence & Coaching,Win deals,Qualify
Salesloft Conversations setup,AI GTM,Sales Intelligence & Coaching,Win deals,Qualify
Clari Copilot setup,AI GTM,Sales Intelligence & Coaching,Win deals,Qualify
Wingman setup,AI GTM,Sales Intelligence & Coaching,Win deals,Qualify
Avoma setup,AI GTM,Sales Intelligence & Coaching,Win deals,Qualify
Fireflies setup,AI GTM,Sales Intelligence & Coaching,Win deals,Qualify
Otter.ai for sales,AI GTM,Sales Intelligence & Coaching,Win deals,Qualify
Conversation analysis,AI GTM,Sales Intelligence & Coaching,Win deals,Qualify
Deal risk signals,AI GTM,Sales Intelligence & Coaching,Win deals,Qualify
AI pipeline health,AI GTM,Sales Intelligence & Coaching,Win deals,Qualify
Coaching signal detection,AI GTM,Sales Intelligence & Coaching,Win deals,Qualify
Rep performance AI,AI GTM,Sales Intelligence & Coaching,Win deals,Qualify
Objection pattern analysis,AI GTM,Sales Intelligence & Coaching,Win deals,Qualify
Win pattern analysis,AI GTM,Sales Intelligence & Coaching,Win deals,Qualify
Loss pattern analysis,AI GTM,Sales Intelligence & Coaching,Win deals,Qualify
Competitive mention tracking,AI GTM,Sales Intelligence & Coaching,Win deals,Qualify
AI meeting notes,AI GTM,Sales Intelligence & Coaching,Win deals,Qualify
AI follow-up drafts,AI GTM,Sales Intelligence & Coaching,Win deals,Qualify
AI deal coaching,AI GTM,Sales Intelligence & Coaching,Win deals,Qualify
AI forecasting,AI GTM,Forecasting & Revenue AI,Win deals,Qualify
Clari setup,AI GTM,Forecasting & Revenue AI,Win deals,Qualify
Clari admin,AI GTM,Forecasting & Revenue AI,Win deals,Qualify
People.ai implementation,AI GTM,Forecasting & Revenue AI,Win deals,Qualify
Forecast signal model,AI GTM,Forecasting & Revenue AI,Win deals,Qualify
Pipeline health AI,AI GTM,Forecasting & Revenue AI,Win deals,Qualify
Deal progression modeling,AI GTM,Forecasting & Revenue AI,Win deals,Qualify
Next best action,AI GTM,Forecasting & Revenue AI,Win deals,Qualify
Deal prioritization AI,AI GTM,Forecasting & Revenue AI,Win deals,Qualify
Revenue signal monitoring,AI GTM,Forecasting & Revenue AI,Win deals,Qualify
Churn signal detection,AI GTM,Forecasting & Revenue AI,Win deals,Qualify
Expansion signal detection,AI GTM,Forecasting & Revenue AI,Win deals,Qualify
AI pipeline updates,AI GTM,Forecasting & Revenue AI,Win deals,Qualify
Proposal generation,AI GTM,Content & Proposal AI,Win deals,Commit
RFP automation,AI GTM,Content & Proposal AI,Win deals,Commit
RFP response library,AI GTM,Content & Proposal AI,Win deals,Commit
Bid management AI,AI GTM,Content & Proposal AI,Win deals,Commit
Sales content generation,AI GTM,Content & Proposal AI,Win deals,Commit
Personalized outreach AI,AI GTM,Content & Proposal AI,Win deals,Commit
Follow-up draft automation,AI GTM,Content & Proposal AI,Win deals,Commit
Meeting summary automation,AI GTM,Content & Proposal AI,Win deals,Commit
AI email assist,AI GTM,Content & Proposal AI,Win deals,Commit
Document AI,AI GTM,Content & Proposal AI,Win deals,Commit
Sales copilot setup,AI GTM,Copilot & Assistant,Systems & data,foundation
CS copilot setup,AI GTM,Copilot & Assistant,Systems & data,foundation
Marketing copilot,AI GTM,Copilot & Assistant,Systems & data,foundation
SDR copilot,AI GTM,Copilot & Assistant,Systems & data,foundation
Manager copilot,AI GTM,Copilot & Assistant,Systems & data,foundation
Internal AI assistant,AI GTM,Copilot & Assistant,Systems & data,foundation
Knowledge base AI,AI GTM,Copilot & Assistant,Systems & data,foundation
RAG setup,AI GTM,Copilot & Assistant,Systems & data,foundation
Vector search setup,AI GTM,Copilot & Assistant,Systems & data,foundation
Knowledge retrieval system,AI GTM,Copilot & Assistant,Systems & data,foundation
Internal GPT build,AI GTM,Copilot & Assistant,Systems & data,foundation
Agent workflow design,AI GTM,Infrastructure & Ops,Systems & data,foundation
Autonomous agent setup,AI GTM,Infrastructure & Ops,Systems & data,foundation
LLM integration,AI GTM,Infrastructure & Ops,Systems & data,foundation
AI stack design,AI GTM,Infrastructure & Ops,Systems & data,foundation
AI data pipeline,AI GTM,Infrastructure & Ops,Systems & data,foundation
AI monitoring,AI GTM,Infrastructure & Ops,Systems & data,foundation
Model fine-tuning oversight,AI GTM,Infrastructure & Ops,Systems & data,foundation
Evaluation framework,AI GTM,Infrastructure & Ops,Systems & data,foundation
AI testing protocol,AI GTM,Infrastructure & Ops,Systems & data,foundation
AI tool consolidation,AI GTM,Infrastructure & Ops,Systems & data,foundation
AI deliverability setup,AI GTM,Infrastructure & Ops,Systems & data,foundation
SQL/Python for GTM,AI GTM,Infrastructure & Ops,Systems & data,foundation
AI stack audit,AI GTM,Infrastructure & Ops,Systems & data,foundation
Partnership strategy,Partnerships,Program Strategy & Build,Lead & plan,foundation
Partner program build,Partnerships,Program Strategy & Build,Lead & plan,foundation
Partner program design,Partnerships,Program Strategy & Build,Lead & plan,foundation
Zero-to-one partnerships,Partnerships,Program Strategy & Build,Lead & plan,foundation
Partner program audit,Partnerships,Program Strategy & Build,Lead & plan,foundation
Partnership model design,Partnerships,Program Strategy & Build,Lead & plan,foundation
Channel strategy,Partnerships,Program Strategy & Build,Lead & plan,foundation
Alliances strategy,Partnerships,Program Strategy & Build,Lead & plan,foundation
Partner tiering model,Partnerships,Program Strategy & Build,Lead & plan,foundation
Partner segmentation,Partnerships,Program Strategy & Build,Lead & plan,foundation
Partner value proposition,Partnerships,Program Strategy & Build,Lead & plan,foundation
Partner business case,Partnerships,Program Strategy & Build,Lead & plan,foundation
Revenue contribution model,Partnerships,Program Strategy & Build,Lead & plan,foundation
Partnership roadmap,Partnerships,Program Strategy & Build,Lead & plan,foundation
Partnerships function build,Partnerships,Program Strategy & Build,Lead & plan,foundation
Partner program ROI analysis,Partnerships,Program Strategy & Build,Lead & plan,foundation
Reseller recruitment,Partnerships,Partner Types & Recruitment,Generate demand,Engage
VAR program,Partnerships,Partner Types & Recruitment,Generate demand,Engage
SI partner recruitment,Partnerships,Partner Types & Recruitment,Generate demand,Engage
Agency partner program,Partnerships,Partner Types & Recruitment,Generate demand,Engage
Referral partner program,Partnerships,Partner Types & Recruitment,Generate demand,Engage
Affiliate program,Partnerships,Partner Types & Recruitment,Generate demand,Engage
Technology partner program,Partnerships,Partner Types & Recruitment,Generate demand,Engage
OEM/white-label program,Partnerships,Partner Types & Recruitment,Generate demand,Engage
Co-sell partner program,Partnerships,Partner Types & Recruitment,Generate demand,Engage
Marketplace partner program,Partnerships,Partner Types & Recruitment,Generate demand,Engage
GSI recruitment,Partnerships,Partner Types & Recruitment,Generate demand,Engage
Boutique SI recruitment,Partnerships,Partner Types & Recruitment,Generate demand,Engage
ISV program,Partnerships,Partner Types & Recruitment,Generate demand,Engage
Influencer partner program,Partnerships,Partner Types & Recruitment,Generate demand,Engage
Partner onboarding,Partnerships,Partner Enablement,Retain & expand,Onboard
Partner training program,Partnerships,Partner Enablement,Retain & expand,Onboard
Partner certification,Partnerships,Partner Enablement,Retain & expand,Onboard
Partner playbook,Partnerships,Partner Enablement,Retain & expand,Onboard
Partner portal setup,Partnerships,Partner Enablement,Retain & expand,Onboard
Partner sales kit,Partnerships,Partner Enablement,Retain & expand,Onboard
Co-sell playbook,Partnerships,Partner Enablement,Retain & expand,Onboard
Partner pitch training,Partnerships,Partner Enablement,Retain & expand,Onboard
Deal registration process,Partnerships,Partner Enablement,Retain & expand,Onboard
Partner demo program,Partnerships,Partner Enablement,Retain & expand,Onboard
Partner content library,Partnerships,Partner Enablement,Retain & expand,Onboard
Partner ops setup,Partnerships,Partner Operations,Systems & data,foundation
Partner CRM setup,Partnerships,Partner Operations,Systems & data,foundation
Partner tracking,Partnerships,Partner Operations,Systems & data,foundation
Deal registration system,Partnerships,Partner Operations,Systems & data,foundation
Referral tracking,Partnerships,Partner Operations,Systems & data,foundation
Commission tracking,Partnerships,Partner Operations,Systems & data,foundation
Partner performance metrics,Partnerships,Partner Operations,Systems & data,foundation
Partner QBR,Partnerships,Partner Operations,Systems & data,foundation
Partner health scoring,Partnerships,Partner Operations,Systems & data,foundation
Partner pipeline reporting,Partnerships,Partner Operations,Systems & data,foundation
PartnerStack setup,Partnerships,Partner Operations,Systems & data,foundation
PartnerStack admin,Partnerships,Partner Operations,Systems & data,foundation
Impact.com setup,Partnerships,Partner Operations,Systems & data,foundation
Kiflo setup,Partnerships,Partner Operations,Systems & data,foundation
Alliances.io setup,Partnerships,Partner Operations,Systems & data,foundation
Salesforce PRM setup,Partnerships,Partner Operations,Systems & data,foundation
Crossbeam setup,Partnerships,Partner Operations,Systems & data,foundation
PRM admin,Partnerships,Partner Operations,Systems & data,foundation
Alliance mapping,Partnerships,Partner Operations,Systems & data,foundation
Co-sell motion,Partnerships,Co-Sell & Revenue Motion,Win deals,Commit
Co-sell process design,Partnerships,Co-Sell & Revenue Motion,Win deals,Commit
Joint pipeline development,Partnerships,Co-Sell & Revenue Motion,Win deals,Commit
Partner-sourced pipeline,Partnerships,Co-Sell & Revenue Motion,Win deals,Commit
Partner-influenced pipeline,Partnerships,Co-Sell & Revenue Motion,Win deals,Commit
Overlay sales model,Partnerships,Co-Sell & Revenue Motion,Win deals,Commit
Partner account mapping,Partnerships,Co-Sell & Revenue Motion,Win deals,Commit
Account mapping process,Partnerships,Co-Sell & Revenue Motion,Win deals,Commit
Co-sell playbook,Partnerships,Co-Sell & Revenue Motion,Win deals,Commit
Partner-led deal support,Partnerships,Co-Sell & Revenue Motion,Win deals,Commit
Partner forecast,Partnerships,Co-Sell & Revenue Motion,Win deals,Commit
BD pipeline build,Partnerships,Co-Sell & Revenue Motion,Win deals,Commit
BD strategy,Partnerships,Business Development,Generate demand,Engage
New channel identification,Partnerships,Business Development,Generate demand,Engage
Market entry via partners,Partnerships,Business Development,Generate demand,Engage
Strategic alliance development,Partnerships,Business Development,Generate demand,Engage
Distribution deal structuring,Partnerships,Business Development,Generate demand,Engage
MOU/LOI negotiation,Partnerships,Business Development,Generate demand,Engage
Partner contract design,Partnerships,Business Development,Generate demand,Engage
Revenue share structure,Partnerships,Business Development,Generate demand,Engage
Joint venture setup,Partnerships,Business Development,Generate demand,Engage
M&A partnership prep,Partnerships,Business Development,Generate demand,Engage
White-label deal structuring,Partnerships,Business Development,Generate demand,Engage
Partner co-marketing,Partnerships,Co-Marketing,Generate demand,Awareness
Joint event program,Partnerships,Co-Marketing,Generate demand,Awareness
Co-branded content,Partnerships,Co-Marketing,Generate demand,Awareness
Partner case studies,Partnerships,Co-Marketing,Generate demand,Awareness
Partner webinar program,Partnerships,Co-Marketing,Generate demand,Awareness
Ecosystem marketing,Partnerships,Co-Marketing,Generate demand,Awareness
Partner demand gen,Partnerships,Co-Marketing,Generate demand,Awareness
Partner MDF program,Partnerships,Co-Marketing,Generate demand,Awareness
Alliance communications,Partnerships,Co-Marketing,Generate demand,Awareness
Ecosystem strategy,Partnerships,Ecosystem & Community,Generate demand,Awareness
Partner community build,Partnerships,Ecosystem & Community,Generate demand,Awareness
Partner advisory board,Partnerships,Ecosystem & Community,Generate demand,Awareness
Partner summit design,Partnerships,Ecosystem & Community,Generate demand,Awareness
Partner recognition program,Partnerships,Ecosystem & Community,Generate demand,Awareness
Partner feedback loop,Partnerships,Ecosystem & Community,Generate demand,Awareness
Ecosystem mapping,Partnerships,Ecosystem & Community,Generate demand,Awareness
Interim VP Partnerships,Partnerships,Interim & Advisory,Lead & plan,foundation
First partnerships hire,Partnerships,Interim & Advisory,Lead & plan,foundation
Partner program restructure,Partnerships,Interim & Advisory,Lead & plan,foundation
Partner audit & rationalization,Partnerships,Interim & Advisory,Lead & plan,foundation
Outbound prospecting,Sellers,Prospecting & Pipeline Build,Generate demand,Engage
Cold outreach,Sellers,Prospecting & Pipeline Build,Generate demand,Engage
Cold calling,Sellers,Prospecting & Pipeline Build,Generate demand,Engage
Cold email,Sellers,Prospecting & Pipeline Build,Generate demand,Engage
LinkedIn prospecting,Sellers,Prospecting & Pipeline Build,Generate demand,Engage
Social selling,Sellers,Prospecting & Pipeline Build,Generate demand,Engage
Account research,Sellers,Prospecting & Pipeline Build,Generate demand,Engage
Prospect list build,Sellers,Prospecting & Pipeline Build,Generate demand,Engage
ICP targeting,Sellers,Prospecting & Pipeline Build,Generate demand,Engage
Account prioritization,Sellers,Prospecting & Pipeline Build,Generate demand,Engage
Signal-based prospecting,Sellers,Prospecting & Pipeline Build,Generate demand,Engage
Trigger-based outreach,Sellers,Prospecting & Pipeline Build,Generate demand,Engage
Multi-channel prospecting,Sellers,Prospecting & Pipeline Build,Generate demand,Engage
Referral prospecting,Sellers,Prospecting & Pipeline Build,Generate demand,Engage
Event-based prospecting,Sellers,Prospecting & Pipeline Build,Generate demand,Engage
Pipeline contribution,Sellers,Prospecting & Pipeline Build,Generate demand,Engage
Pipeline build,Sellers,Pipeline Management,Win deals,Qualify
Pipeline management,Sellers,Pipeline Management,Win deals,Qualify
Opportunity management,Sellers,Pipeline Management,Win deals,Qualify
Pipeline hygiene,Sellers,Pipeline Management,Win deals,Qualify
Forecast contribution,Sellers,Pipeline Management,Win deals,Qualify
Deal progression,Sellers,Pipeline Management,Win deals,Qualify
Activity management,Sellers,Pipeline Management,Win deals,Qualify
CRM hygiene,Sellers,Pipeline Management,Win deals,Qualify
Deal documentation,Sellers,Pipeline Management,Win deals,Qualify
Opportunity qualification,Sellers,Pipeline Management,Win deals,Qualify
Discovery execution,Sellers,Discovery & Qualification,Win deals,Qualify
Needs assessment,Sellers,Discovery & Qualification,Win deals,Qualify
MEDDIC execution,Sellers,Discovery & Qualification,Win deals,Qualify
BANT qualification,Sellers,Discovery & Qualification,Win deals,Qualify
Pain identification,Sellers,Discovery & Qualification,Win deals,Qualify
Use case discovery,Sellers,Discovery & Qualification,Win deals,Qualify
Technical discovery,Sellers,Discovery & Qualification,Win deals,Qualify
Multi-stakeholder discovery,Sellers,Discovery & Qualification,Win deals,Qualify
Champion identification,Sellers,Discovery & Qualification,Win deals,Qualify
Economic buyer access,Sellers,Discovery & Qualification,Win deals,Qualify
Demo delivery,Sellers,Demos & Presentations,Win deals,Qualify
Product demo,Sellers,Demos & Presentations,Win deals,Qualify
Executive presentation,Sellers,Demos & Presentations,Win deals,Qualify
Business case presentation,Sellers,Demos & Presentations,Win deals,Qualify
ROI presentation,Sellers,Demos & Presentations,Win deals,Qualify
Proof of concept delivery,Sellers,Demos & Presentations,Win deals,Qualify
Tailored demo,Sellers,Demos & Presentations,Win deals,Qualify
Custom demo build,Sellers,Demos & Presentations,Win deals,Qualify
Competitive demo,Sellers,Demos & Presentations,Win deals,Qualify
Value demonstration,Sellers,Demos & Presentations,Win deals,Qualify
Deal management,Sellers,Deal Execution & Closing,Win deals,Commit
Proposal delivery,Sellers,Deal Execution & Closing,Win deals,Commit
Contract negotiation,Sellers,Deal Execution & Closing,Win deals,Commit
Pricing conversation,Sellers,Deal Execution & Closing,Win deals,Commit
Mutual action plan execution,Sellers,Deal Execution & Closing,Win deals,Commit
Stakeholder alignment,Sellers,Deal Execution & Closing,Win deals,Commit
Multi-thread management,Sellers,Deal Execution & Closing,Win deals,Commit
Late-stage deal management,Sellers,Deal Execution & Closing,Win deals,Commit
Deal acceleration,Sellers,Deal Execution & Closing,Win deals,Commit
Stalled deal recovery,Sellers,Deal Execution & Closing,Win deals,Commit
Closed-lost analysis,Sellers,Deal Execution & Closing,Win deals,Commit
DocuSign for sales,Sellers,Deal Execution & Closing,Win deals,Commit
PandaDoc setup,Sellers,Deal Execution & Closing,Win deals,Commit
DealRoom setup,Sellers,Deal Execution & Closing,Win deals,Commit
Account management,Sellers,Account Management,Retain & expand,Expand
Named account coverage,Sellers,Account Management,Retain & expand,Expand
Strategic account management,Sellers,Account Management,Retain & expand,Expand
Account expansion,Sellers,Account Management,Retain & expand,Expand
Relationship management,Sellers,Account Management,Retain & expand,Expand
Executive relationship,Sellers,Account Management,Retain & expand,Expand
Stakeholder mapping,Sellers,Account Management,Retain & expand,Expand
Account planning,Sellers,Account Management,Retain & expand,Expand
Account review cadence,Sellers,Account Management,Retain & expand,Expand
Whitespace analysis,Sellers,Account Management,Retain & expand,Expand
Enterprise selling,Sellers,Vertical & Segment Specialization,Lead & plan,foundation
Mid-market selling,Sellers,Vertical & Segment Specialization,Lead & plan,foundation
SMB selling,Sellers,Vertical & Segment Specialization,Lead & plan,foundation
SaaS sales,Sellers,Vertical & Segment Specialization,Lead & plan,foundation
FinTech sales,Sellers,Vertical & Segment Specialization,Lead & plan,foundation
HealthTech sales,Sellers,Vertical & Segment Specialization,Lead & plan,foundation
MarTech sales,Sellers,Vertical & Segment Specialization,Lead & plan,foundation
Manufacturing sales,Sellers,Vertical & Segment Specialization,Lead & plan,foundation
Professional services sales,Sellers,Vertical & Segment Specialization,Lead & plan,foundation
Government/public sector sales,Sellers,Vertical & Segment Specialization,Lead & plan,foundation
Nonprofit sales,Sellers,Vertical & Segment Specialization,Lead & plan,foundation
Startup sales,Sellers,Vertical & Segment Specialization,Lead & plan,foundation
Full-cycle selling,Sellers,Motion Specialization,Lead & plan,foundation
Hunting motion,Sellers,Motion Specialization,Lead & plan,foundation
Farming motion,Sellers,Motion Specialization,Lead & plan,foundation
Inbound selling,Sellers,Motion Specialization,Lead & plan,foundation
Outbound selling,Sellers,Motion Specialization,Lead & plan,foundation
Channel-assisted selling,Sellers,Motion Specialization,Lead & plan,foundation
Partner co-sell execution,Sellers,Motion Specialization,Lead & plan,foundation
PLG-assisted selling,Sellers,Motion Specialization,Lead & plan,foundation
Land & expand execution,Sellers,Motion Specialization,Lead & plan,foundation
Multi-product selling,Sellers,Motion Specialization,Lead & plan,foundation
Fractional AE,Sellers,Interim & Coverage,Lead & plan,foundation
Fractional SDR,Sellers,Interim & Coverage,Lead & plan,foundation
Interim sales coverage,Sellers,Interim & Coverage,Lead & plan,foundation
Territory coverage,Sellers,Interim & Coverage,Lead & plan,foundation
Account coverage gap fill,Sellers,Interim & Coverage,Lead & plan,foundation
Launch market selling,Sellers,Interim & Coverage,Lead & plan,foundation
Pilot market coverage,Sellers,Interim & Coverage,Lead & plan,foundation
New vertical coverage,Sellers,Interim & Coverage,Lead & plan,foundation
Full cycle AE coverage,Sellers,Interim & Coverage,Lead & plan,foundation
Strategic account coverage,Sellers,Interim & Coverage,Lead & plan,foundation
